,Buying,Maintenance,Doors,Person,lug_boot,safety,class
0,4,4,2,2,1,1,unacc
1,4,4,2,2,1,2,unacc
2,4,4,2,2,1,3,unacc
3,4,4,2,2,2,1,unacc
4,4,4,2,2,2,2,unacc
5,4,4,2,2,2,3,unacc
6,4,4,2,2,3,1,unacc
7,4,4,2,2,3,1,unacc
8,4,4,2,2,3,2,unacc
9,4,4,2,2,3,3,unacc
10,4,4,2,4,1,1,unacc
11,4,4,2,4,1,2,unacc
12,4,4,2,4,1,2,unacc
13,4,4,2,4,1,3,unacc
14,4,4,2,4,2,1,unacc
15,4,4,2,4,2,2,unacc
16,4,4,2,4,2,3,unacc
17,4,4,2,4,3,1,unacc
18,4,4,2,4,3,2,unacc
19,4,4,2,4,3,3,unacc
20,4,4,2,6,1,1,unacc
21,4,4,2,6,1,2,unacc
22,4,4,2,6,1,3,unacc
23,4,4,2,6,2,1,unacc
24,4,4,2,6,2,2,unacc
25,4,4,2,6,2,3,unacc
26,4,4,2,6,3,1,unacc
27,4,4,2,6,3,1,unacc
28,4,4,2,6,3,2,unacc
29,4,4,2,6,3,3,unacc
30,4,4,3,2,1,1,unacc
31,4,4,3,2,1,2,unacc
32,4,4,3,2,1,3,unacc
33,4,4,3,2,2,1,unacc
34,4,4,3,2,2,2,unacc
35,4,4,3,2,2,3,unacc
36,4,4,3,2,3,1,unacc
37,4,4,3,2,3,2,unacc
38,4,4,3,2,3,3,unacc
39,4,4,3,4,1,1,unacc
40,4,4,3,4,1,2,unacc
41,4,4,3,4,1,3,unacc
42,4,4,3,4,1,3,unacc
43,4,4,3,4,2,1,unacc
44,4,4,3,4,2,2,unacc
45,4,4,3,4,2,3,unacc
46,4,4,3,4,3,1,unacc
47,4,4,3,4,3,2,unacc
48,4,4,3,4,3,3,unacc
49,4,4,3,6,1,2,unacc
50,4,4,3,6,1,3,unacc
51,4,4,3,6,1,3,unacc
52,4,4,3,6,2,1,unacc
53,4,4,3,6,2,2,unacc
54,4,4,3,6,2,3,unacc
55,4,4,3,6,3,1,unacc
56,4,4,3,6,3,2,unacc
57,4,4,3,6,3,3,unacc
58,4,4,4,2,1,1,unacc
59,4,4,4,2,1,1,unacc
60,4,4,4,2,1,2,unacc
61,4,4,4,2,1,3,unacc
62,4,4,4,2,2,1,unacc
63,4,4,4,2,2,2,unacc
64,4,4,4,2,2,3,unacc
65,4,4,4,2,3,1,unacc
66,4,4,4,2,3,2,unacc
67,4,4,4,2,3,3,unacc
68,4,4,4,4,1,1,unacc
69,4,4,4,4,1,2,unacc
70,4,4,4,4,1,3,unacc
71,4,4,4,4,2,1,unacc
72,4,4,4,4,2,2,unacc
73,4,4,4,4,2,3,unacc
74,4,4,4,4,3,1,unacc
75,4,4,4,4,3,2,unacc
76,4,4,4,4,3,3,unacc
77,4,4,4,6,1,1,unacc
78,4,4,4,6,1,2,unacc
79,4,4,4,6,1,3,unacc
80,4,4,4,6,2,1,unacc
81,4,4,4,6,2,2,unacc
82,4,4,4,6,2,3,unacc
83,4,4,4,6,3,1,unacc
84,4,4,4,6,3,2,unacc
85,4,4,4,6,3,3,unacc
86,4,4,5,2,1,1,unacc
87,4,4,5,2,1,2,unacc
88,4,4,5,2,1,3,unacc
89,4,4,5,2,2,1,unacc
90,4,4,5,2,2,2,unacc
91,4,4,5,2,2,3,unacc
92,4,4,5,2,3,1,unacc
93,4,4,5,2,3,2,unacc
94,4,4,5,2,3,3,unacc
95,4,4,5,4,1,1,unacc
96,4,4,5,4,1,2,unacc
97,4,4,5,4,1,3,unacc
98,4,4,5,4,2,1,unacc
99,4,4,5,4,2,2,unacc
100,4,4,5,4,2,3,unacc
101,4,4,5,4,3,1,unacc
102,4,4,5,4,3,2,unacc
103,4,4,5,4,3,3,unacc
104,4,4,5,6,1,1,unacc
105,4,4,5,6,1,2,unacc
106,4,4,5,6,1,3,unacc
107,4,4,5,6,2,1,unacc
108,4,4,5,6,2,2,unacc
109,4,4,5,6,2,3,unacc
110,4,4,5,6,3,1,unacc
111,4,4,5,6,3,2,unacc
112,4,4,5,6,3,3,unacc
113,4,3,2,2,1,1,unacc
114,4,3,2,2,1,2,unacc
115,4,3,2,2,1,3,unacc
116,4,3,2,2,2,1,unacc
117,4,3,2,2,2,2,unacc
118,4,3,2,2,2,3,unacc
119,4,3,2,2,3,1,unacc
120,4,3,2,2,3,2,unacc
121,4,3,2,2,3,3,unacc
122,4,3,2,4,1,1,unacc
123,4,3,2,4,1,2,unacc
124,4,3,2,4,1,3,unacc
125,4,3,2,4,2,1,unacc
126,4,3,2,4,2,2,unacc
127,4,3,2,4,2,3,unacc
128,4,3,2,4,3,1,unacc
129,4,3,2,4,3,2,unacc
130,4,3,2,4,3,3,unacc
131,4,3,2,6,1,1,unacc
132,4,3,2,6,1,2,unacc
133,4,3,2,6,1,3,unacc
134,4,3,2,6,2,1,unacc
135,4,3,2,6,2,2,unacc
136,4,3,2,6,2,3,unacc
137,4,3,2,6,3,1,unacc
138,4,3,2,6,3,2,unacc
139,4,3,2,6,3,3,unacc
140,4,3,3,2,1,1,unacc
141,4,3,3,2,1,2,unacc
142,4,3,3,2,1,3,unacc
143,4,3,3,2,2,1,unacc
144,4,3,3,2,2,2,unacc
145,4,3,3,2,2,3,unacc
146,4,3,3,2,3,1,unacc
147,4,3,3,2,3,2,unacc
148,4,3,3,2,3,3,unacc
149,4,3,3,4,1,1,unacc
150,4,3,3,4,1,2,unacc
151,4,3,3,4,1,3,unacc
152,4,3,3,4,2,1,unacc
153,4,3,3,4,2,2,unacc
154,4,3,3,4,2,3,unacc
155,4,3,3,4,3,1,unacc
156,4,3,3,4,3,2,unacc
157,4,3,3,4,3,3,unacc
158,4,3,3,6,1,1,unacc
159,4,3,3,6,1,2,unacc
160,4,3,3,6,1,3,unacc
161,4,3,3,6,2,1,unacc
162,4,3,3,6,2,2,unacc
163,4,3,3,6,2,3,unacc
164,4,3,3,6,3,1,unacc
165,4,3,3,6,3,2,unacc
166,4,3,3,6,3,3,unacc
167,4,3,4,2,1,1,unacc
168,4,3,4,2,1,2,unacc
169,4,3,4,2,1,3,unacc
170,4,3,4,2,2,1,unacc
171,4,3,4,2,2,2,unacc
172,4,3,4,2,2,3,unacc
173,4,3,4,2,3,1,unacc
174,4,3,4,2,3,2,unacc
175,4,3,4,2,3,3,unacc
176,4,3,4,4,1,1,unacc
177,4,3,4,4,1,2,unacc
178,4,3,4,4,1,3,unacc
179,4,3,4,4,2,1,unacc
180,4,3,4,4,2,2,unacc
181,4,3,4,4,2,3,unacc
182,4,3,4,4,3,1,unacc
183,4,3,4,4,3,2,unacc
184,4,3,4,4,3,3,unacc
185,4,3,4,6,1,1,unacc
186,4,3,4,6,1,2,unacc
187,4,3,4,6,1,3,unacc
188,4,3,4,6,2,1,unacc
189,4,3,4,6,2,2,unacc
190,4,3,4,6,2,3,unacc
191,4,3,4,6,3,1,unacc
192,4,3,4,6,3,2,unacc
193,4,3,4,6,3,3,unacc
194,4,3,5,2,1,1,unacc
195,4,3,5,2,1,2,unacc
196,4,3,5,2,1,3,unacc
197,4,3,5,2,2,1,unacc
198,4,3,5,2,2,2,unacc
199,4,3,5,2,2,3,unacc
200,4,3,5,2,3,1,unacc
201,4,3,5,2,3,2,unacc
202,4,3,5,2,3,3,unacc
203,4,3,5,4,1,1,unacc
204,4,3,5,4,1,2,unacc
205,4,3,5,4,1,3,unacc
206,4,3,5,4,2,1,unacc
207,4,3,5,4,2,2,unacc
208,4,3,5,4,2,3,unacc
209,4,3,5,4,3,1,unacc
210,4,3,5,4,3,2,unacc
211,4,3,5,4,3,3,unacc
212,4,3,5,6,1,1,unacc
213,4,3,5,6,1,2,unacc
214,4,3,5,6,1,3,unacc
215,4,3,5,6,2,1,unacc
216,4,3,5,6,2,2,unacc
217,4,3,5,6,2,3,unacc
218,4,3,5,6,3,1,unacc
219,4,3,5,6,3,2,unacc
220,4,3,5,6,3,3,unacc
221,4,2,2,2,1,1,unacc
222,4,2,2,2,1,2,unacc
223,4,2,2,2,1,3,unacc
224,4,2,2,2,2,1,unacc
225,4,2,2,2,2,2,unacc
226,4,2,2,2,2,3,unacc
227,4,2,2,2,3,1,unacc
228,4,2,2,2,3,2,unacc
229,4,2,2,2,3,3,unacc
230,4,2,2,4,1,1,unacc
231,4,2,2,4,1,2,unacc
232,4,2,2,4,1,3,acc
233,4,2,2,4,2,1,unacc
234,4,2,2,4,2,2,unacc
235,4,2,2,4,2,3,acc
236,4,2,2,4,3,1,unacc
237,4,2,2,4,3,2,acc
238,4,2,2,4,3,3,acc
239,4,2,2,6,1,1,unacc
240,4,2,2,6,1,2,unacc
241,4,2,2,6,1,3,unacc
242,4,2,2,6,2,1,unacc
243,4,2,2,6,2,2,unacc
244,4,2,2,6,2,3,acc
245,4,2,2,6,3,1,unacc
246,4,2,2,6,3,2,acc
247,4,2,2,6,3,3,acc
248,4,2,2,6,3,2,acc
249,4,2,2,6,3,3,acc
250,4,2,3,2,1,1,unacc
251,4,2,3,2,1,2,unacc
252,4,2,3,2,1,3,unacc
253,4,2,3,2,2,1,unacc
254,4,2,3,2,2,2,unacc
255,4,2,3,2,2,3,unacc
256,4,2,3,2,3,1,unacc
257,4,2,3,2,3,2,unacc
258,4,2,3,2,3,3,unacc
259,4,2,3,4,1,1,unacc
260,4,2,3,4,1,2,unacc
261,4,2,3,4,1,3,acc
262,4,2,3,4,2,1,unacc
263,4,2,3,4,2,2,unacc
264,4,2,3,4,2,3,acc
265,4,2,3,4,3,1,unacc
266,4,2,3,4,3,2,acc
267,4,2,3,4,3,3,acc
268,4,2,3,6,1,1,unacc
269,4,2,3,6,1,2,unacc
270,4,2,3,6,1,3,acc
271,4,2,3,6,2,1,unacc
272,4,2,3,6,2,2,acc
273,4,2,3,6,2,3,acc
274,4,2,3,6,3,1,unacc
275,4,2,3,6,3,2,acc
276,4,2,3,6,3,3,acc
277,4,2,4,2,1,1,unacc
278,4,2,4,2,1,2,unacc
279,4,2,4,2,1,3,unacc
280,4,2,4,2,2,1,unacc
281,4,2,4,2,2,2,unacc
282,4,2,4,2,2,3,unacc
283,4,2,4,2,3,1,unacc
284,4,2,4,2,3,2,unacc
285,4,2,4,2,3,3,unacc
286,4,2,4,4,1,1,unacc
287,4,2,4,4,1,2,unacc
288,4,2,4,4,1,3,acc
289,4,2,4,4,2,1,unacc
290,4,2,4,4,2,2,acc
291,4,2,4,4,2,3,acc
292,4,2,4,4,3,1,unacc
293,4,2,4,4,3,2,acc
294,4,2,4,4,3,3,acc
295,4,2,4,6,1,1,unacc
296,4,2,4,6,1,2,unacc
297,4,2,4,6,1,3,acc
298,4,2,4,6,2,1,unacc
299,4,2,4,6,2,2,acc
300,4,2,4,6,2,3,acc
301,4,2,4,6,3,1,unacc
302,4,2,4,6,3,2,acc
303,4,2,4,6,3,3,acc
304,4,2,5,2,1,1,unacc
305,4,2,5,2,1,2,unacc
306,4,2,5,2,1,3,unacc
307,4,2,5,2,2,1,unacc
308,4,2,5,2,2,2,unacc
309,4,2,5,2,2,3,unacc
310,4,2,5,2,3,1,unacc
311,4,2,5,2,3,2,unacc
312,4,2,5,2,3,3,unacc
313,4,2,5,4,1,1,unacc
314,4,2,5,4,1,2,unacc
315,4,2,5,4,1,3,acc
316,4,2,5,4,2,1,unacc
317,4,2,5,4,2,2,acc
318,4,2,5,4,2,3,acc
319,4,2,5,4,3,1,unacc
320,4,2,5,4,3,2,acc
321,4,2,5,4,3,3,acc
322,4,2,5,6,1,1,unacc
323,4,2,5,6,1,2,unacc
324,4,2,5,6,1,3,acc
325,4,2,5,6,2,1,unacc
326,4,2,5,6,2,2,acc
327,4,2,5,6,2,3,acc
328,4,2,5,6,3,1,unacc
329,4,2,5,6,3,2,acc
330,4,2,5,6,3,3,acc
331,4,1,2,2,1,1,unacc
332,4,1,2,2,1,2,unacc
333,4,1,2,2,1,3,unacc
334,4,1,2,2,2,1,unacc
335,4,1,2,2,2,2,unacc
336,4,1,2,2,2,3,unacc
337,4,1,2,2,3,1,unacc
338,4,1,2,2,3,2,unacc
339,4,1,2,2,3,3,unacc
340,4,1,2,4,1,1,unacc
341,4,1,2,4,1,2,unacc
342,4,1,2,4,1,3,acc
343,4,1,2,4,1,3,acc
344,4,1,2,4,2,1,unacc
345,4,1,2,4,2,2,unacc
346,4,1,2,4,2,3,acc
347,4,1,2,4,2,3,acc
348,4,1,2,4,3,1,unacc
349,4,1,2,4,3,2,acc
350,4,1,2,4,3,3,acc
351,4,1,2,6,1,1,unacc
352,4,1,2,6,1,2,unacc
353,4,1,2,6,1,3,unacc
354,4,1,2,6,2,1,unacc
355,4,1,2,6,2,2,unacc
356,4,1,2,6,2,3,acc
357,4,1,2,6,3,1,unacc
358,4,1,2,6,3,2,acc
359,4,1,2,6,3,3,acc
360,4,1,3,2,1,1,unacc
361,4,1,3,2,1,2,unacc
362,4,1,3,2,1,3,unacc
363,4,1,3,2,2,1,unacc
364,4,1,3,2,2,2,unacc
365,4,1,3,2,2,3,unacc
366,4,1,3,2,3,1,unacc
367,4,1,3,2,3,2,unacc
368,4,1,3,2,3,3,unacc
369,4,1,3,4,1,1,unacc
370,4,1,3,4,1,2,unacc
371,4,1,3,4,1,3,acc
372,4,1,3,4,2,1,unacc
373,4,1,3,4,2,2,unacc
374,4,1,3,4,2,3,acc
375,4,1,3,4,3,1,unacc
376,4,1,3,4,3,2,acc
377,4,1,3,4,3,3,acc
378,4,1,3,6,1,1,unacc
379,4,1,3,6,1,2,unacc
380,4,1,3,6,1,3,acc
381,4,1,3,6,2,1,unacc
382,4,1,3,6,2,2,acc
383,4,1,3,6,2,2,acc
384,4,1,3,6,2,3,acc
385,4,1,3,6,3,1,unacc
386,4,1,3,6,3,2,acc
387,4,1,3,6,3,3,acc
388,4,1,4,2,1,1,unacc
389,4,1,4,2,1,2,unacc
390,4,1,4,2,1,3,unacc
391,4,1,4,2,2,1,unacc
392,4,1,4,2,2,2,unacc
393,4,1,4,2,2,3,unacc
394,4,1,4,2,3,1,unacc
395,4,1,4,2,3,2,unacc
396,4,1,4,2,3,3,unacc
397,4,1,4,4,1,1,unacc
398,4,1,4,4,1,2,unacc
399,4,1,4,4,1,3,acc
400,4,1,4,4,2,1,unacc
401,4,1,4,4,2,2,acc
402,4,1,4,4,2,3,acc
403,4,1,4,4,3,1,unacc
404,4,1,4,4,3,2,acc
405,4,1,4,4,3,3,acc
406,4,1,4,6,1,1,unacc
407,4,1,4,6,1,2,unacc
408,4,1,4,6,1,3,acc
409,4,1,4,6,2,1,unacc
410,4,1,4,6,2,2,acc
411,4,1,4,6,2,3,acc
412,4,1,4,6,3,1,unacc
413,4,1,4,6,3,2,acc
414,4,1,4,6,3,3,acc
415,4,1,5,2,1,1,unacc
416,4,1,5,2,1,2,unacc
417,4,1,5,2,1,3,unacc
418,4,1,5,2,2,1,unacc
419,4,1,5,2,2,2,unacc
420,4,1,5,2,2,3,unacc
421,4,1,5,2,3,1,unacc
422,4,1,5,2,3,2,unacc
423,4,1,5,2,3,3,unacc
424,4,1,5,4,1,1,unacc
425,4,1,5,4,1,2,unacc
426,4,1,5,4,1,3,acc
427,4,1,5,4,2,1,unacc
428,4,1,5,4,2,2,acc
429,4,1,5,4,2,2,acc
430,4,1,5,4,2,3,acc
431,4,1,5,4,3,1,unacc
432,4,1,5,4,3,2,acc
433,4,1,5,4,3,3,acc
434,4,1,5,6,1,1,unacc
435,4,1,5,6,1,2,unacc
436,4,1,5,6,1,3,acc
437,4,1,5,6,2,1,unacc
438,4,1,5,6,2,2,acc
439,4,1,5,6,2,3,acc
440,4,1,5,6,3,1,unacc
441,4,1,5,6,3,2,acc
442,4,1,5,6,3,3,acc
443,3,4,2,2,1,1,unacc
444,3,4,2,2,1,2,unacc
445,3,4,2,2,1,3,unacc
446,3,4,2,2,2,1,unacc
447,3,4,2,2,2,2,unacc
448,3,4,2,2,2,3,unacc
449,3,4,2,2,3,1,unacc
450,3,4,2,2,3,2,unacc
451,3,4,2,2,3,3,unacc
452,3,4,2,4,1,1,unacc
453,3,4,2,4,1,2,unacc
454,3,4,2,4,1,3,unacc
455,3,4,2,4,2,1,unacc
456,3,4,2,4,2,2,unacc
457,3,4,2,4,2,3,unacc
458,3,4,2,4,3,1,unacc
459,3,4,2,4,3,2,unacc
460,3,4,2,4,3,3,unacc
461,3,4,2,6,1,1,unacc
462,3,4,2,6,1,2,unacc
463,3,4,2,6,1,3,unacc
464,3,4,2,6,2,1,unacc
465,3,4,2,6,2,2,unacc
466,3,4,2,6,2,3,unacc
467,3,4,2,6,3,1,unacc
468,3,4,2,6,3,2,unacc
469,3,4,2,6,3,3,unacc
470,3,4,3,2,1,1,unacc
471,3,4,3,2,1,2,unacc
472,3,4,3,2,1,3,unacc
473,3,4,3,2,2,1,unacc
474,3,4,3,2,2,2,unacc
475,3,4,3,2,2,3,unacc
476,3,4,3,2,3,1,unacc
477,3,4,3,2,3,2,unacc
478,3,4,3,2,3,3,unacc
479,3,4,3,4,1,1,unacc
480,3,4,3,4,1,2,unacc
481,3,4,3,4,1,3,unacc
482,3,4,3,4,2,1,unacc
483,3,4,3,4,2,2,unacc
484,3,4,3,4,2,3,unacc
485,3,4,3,4,3,1,unacc
486,3,4,3,4,3,2,unacc
487,3,4,3,4,3,3,unacc
488,3,4,3,6,1,1,unacc
489,3,4,3,6,1,2,unacc
490,3,4,3,6,1,3,unacc
491,3,4,3,6,2,1,unacc
492,3,4,3,6,2,2,unacc
493,3,4,3,6,2,3,unacc
494,3,4,3,6,3,1,unacc
495,3,4,3,6,3,2,unacc
496,3,4,3,6,3,3,unacc
497,3,4,4,2,1,1,unacc
498,3,4,4,2,1,2,unacc
499,3,4,4,2,1,3,unacc
500,3,4,4,2,2,1,unacc
501,3,4,4,2,2,2,unacc
502,3,4,4,2,2,3,unacc
503,3,4,4,2,3,1,unacc
504,3,4,4,2,3,2,unacc
505,3,4,4,2,3,3,unacc
506,3,4,4,4,1,1,unacc
507,3,4,4,4,1,2,unacc
508,3,4,4,4,1,3,unacc
509,3,4,4,4,2,1,unacc
510,3,4,4,4,2,2,unacc
511,3,4,4,4,2,3,unacc
512,3,4,4,4,3,1,unacc
513,3,4,4,4,3,2,unacc
514,3,4,4,4,3,3,unacc
515,3,4,4,6,1,1,unacc
516,3,4,4,6,1,2,unacc
517,3,4,4,6,1,3,unacc
518,3,4,4,6,2,1,unacc
519,3,4,4,6,2,2,unacc
520,3,4,4,6,2,3,unacc
521,3,4,4,6,3,1,unacc
522,3,4,4,6,3,2,unacc
523,3,4,4,6,3,3,unacc
524,3,4,5,2,1,1,unacc
525,3,4,5,2,1,2,unacc
526,3,4,5,2,1,3,unacc
527,3,4,5,2,2,1,unacc
528,3,4,5,2,2,2,unacc
529,3,4,5,2,2,3,unacc
530,3,4,5,2,3,1,unacc
531,3,4,5,2,3,2,unacc
532,3,4,5,2,3,3,unacc
533,3,4,5,4,1,1,unacc
534,3,4,5,4,1,2,unacc
535,3,4,5,4,1,3,unacc
536,3,4,5,4,2,1,unacc
537,3,4,5,4,2,2,unacc
538,3,4,5,4,2,3,unacc
539,3,4,5,4,3,1,unacc
540,3,4,5,4,3,2,unacc
541,3,4,5,4,3,3,unacc
542,3,4,5,6,1,1,unacc
543,3,4,5,6,1,2,unacc
544,3,4,5,6,1,3,unacc
545,3,4,5,6,2,1,unacc
546,3,4,5,6,2,2,unacc
547,3,4,5,6,2,3,unacc
548,3,4,5,6,3,1,unacc
549,3,4,5,6,3,2,unacc
550,3,4,5,6,3,3,unacc
551,3,3,2,2,1,1,unacc
552,3,3,2,2,1,2,unacc
553,3,3,2,2,1,3,unacc
554,3,3,2,2,2,1,unacc
555,3,3,2,2,2,2,unacc
556,3,3,2,2,2,3,unacc
557,3,3,2,2,3,1,unacc
558,3,3,2,2,3,2,unacc
559,3,3,2,2,3,3,unacc
560,3,3,2,4,1,1,unacc
561,3,3,2,4,1,2,unacc
562,3,3,2,4,1,3,acc
563,3,3,2,4,2,1,unacc
564,3,3,2,4,2,2,unacc
565,3,3,2,4,2,3,acc
566,3,3,2,4,3,1,unacc
567,3,3,2,4,3,2,acc
568,3,3,2,4,3,3,acc
569,3,3,2,6,1,1,unacc
570,3,3,2,6,1,2,unacc
571,3,3,2,6,1,3,unacc
572,3,3,2,6,2,1,unacc
573,3,3,2,6,2,2,unacc
574,3,3,2,6,2,3,acc
575,3,3,2,6,3,1,unacc
576,3,3,2,6,3,2,acc
577,3,3,2,6,3,3,acc
578,3,3,3,2,1,1,unacc
579,3,3,3,2,1,2,unacc
580,3,3,3,2,1,3,unacc
581,3,3,3,2,2,1,unacc
582,3,3,3,2,2,2,unacc
583,3,3,3,2,2,3,unacc
584,3,3,3,2,3,1,unacc
585,3,3,3,2,3,2,unacc
586,3,3,3,2,3,3,unacc
587,3,3,3,4,1,1,unacc
588,3,3,3,4,1,2,unacc
589,3,3,3,4,1,3,acc
590,3,3,3,4,2,1,unacc
591,3,3,3,4,2,2,unacc
592,3,3,3,4,2,3,acc
593,3,3,3,4,3,1,unacc
594,3,3,3,4,3,2,acc
595,3,3,3,4,3,3,acc
596,3,3,3,6,1,1,unacc
597,3,3,3,6,1,2,unacc
598,3,3,3,6,1,3,acc
599,3,3,3,6,2,1,unacc
600,3,3,3,6,2,2,acc
601,3,3,3,6,2,3,acc
602,3,3,3,6,3,1,unacc
603,3,3,3,6,3,2,acc
604,3,3,3,6,3,3,acc
605,3,3,4,2,1,1,unacc
606,3,3,4,2,1,2,unacc
607,3,3,4,2,1,3,unacc
608,3,3,4,2,2,1,unacc
609,3,3,4,2,2,2,unacc
610,3,3,4,2,2,3,unacc
611,3,3,4,2,3,1,unacc
612,3,3,4,2,3,2,unacc
613,3,3,4,2,3,3,unacc
614,3,3,4,4,1,1,unacc
615,3,3,4,4,1,2,unacc
616,3,3,4,4,1,3,acc
617,3,3,4,4,2,1,unacc
618,3,3,4,4,2,2,acc
619,3,3,4,4,2,3,acc
620,3,3,4,4,3,1,unacc
621,3,3,4,4,3,2,acc
622,3,3,4,4,3,3,acc
623,3,3,4,6,1,1,unacc
624,3,3,4,6,1,2,unacc
625,3,3,4,6,1,3,acc
626,3,3,4,6,2,1,unacc
627,3,3,4,6,2,2,acc
628,3,3,4,6,2,3,acc
629,3,3,4,6,3,1,unacc
630,3,3,4,6,3,2,acc
631,3,3,4,6,3,3,acc
632,3,3,5,2,1,1,unacc
633,3,3,5,2,1,2,unacc
634,3,3,5,2,1,3,unacc
635,3,3,5,2,2,1,unacc
636,3,3,5,2,2,2,unacc
637,3,3,5,2,2,3,unacc
638,3,3,5,2,3,1,unacc
639,3,3,5,2,3,2,unacc
640,3,3,5,2,3,3,unacc
641,3,3,5,4,1,1,unacc
642,3,3,5,4,1,2,unacc
643,3,3,5,4,1,3,acc
644,3,3,5,4,2,1,unacc
645,3,3,5,4,2,2,acc
646,3,3,5,4,2,3,acc
647,3,3,5,4,3,1,unacc
648,3,3,5,4,3,2,acc
649,3,3,5,4,3,3,acc
650,3,3,5,6,1,1,unacc
651,3,3,5,6,1,2,unacc
652,3,3,5,6,1,3,acc
653,3,3,5,6,2,1,unacc
654,3,3,5,6,2,2,acc
655,3,3,5,6,2,3,acc
656,3,3,5,6,3,1,unacc
657,3,3,5,6,3,2,acc
658,3,3,5,6,3,3,acc
659,3,2,2,2,1,1,unacc
660,3,2,2,2,1,2,unacc
661,3,2,2,2,1,3,unacc
662,3,2,2,2,2,1,unacc
663,3,2,2,2,2,2,unacc
664,3,2,2,2,2,3,unacc
665,3,2,2,2,3,1,unacc
666,3,2,2,2,3,2,unacc
667,3,2,2,2,3,3,unacc
668,3,2,2,4,1,1,unacc
669,3,2,2,4,1,2,unacc
670,3,2,2,4,1,3,acc
671,3,2,2,4,2,1,unacc
672,3,2,2,4,2,2,unacc
673,3,2,2,4,2,3,acc
674,3,2,2,4,3,1,unacc
675,3,2,2,4,3,2,acc
676,3,2,2,4,3,3,acc
677,3,2,2,6,1,1,unacc
678,3,2,2,6,1,2,unacc
679,3,2,2,6,1,3,unacc
680,3,2,2,6,2,1,unacc
681,3,2,2,6,2,2,unacc
682,3,2,2,6,2,3,acc
683,3,2,2,6,3,1,unacc
684,3,2,2,6,3,2,acc
685,3,2,2,6,3,3,acc
686,3,2,3,2,1,1,unacc
687,3,2,3,2,1,2,unacc
688,3,2,3,2,1,3,unacc
689,3,2,3,2,2,1,unacc
690,3,2,3,2,2,2,unacc
691,3,2,3,2,2,3,unacc
692,3,2,3,2,3,1,unacc
693,3,2,3,2,3,2,unacc
694,3,2,3,2,3,3,unacc
695,3,2,3,4,1,1,unacc
696,3,2,3,4,1,2,unacc
697,3,2,3,4,1,3,acc
698,3,2,3,4,2,1,unacc
699,3,2,3,4,2,2,unacc
700,3,2,3,4,2,3,acc
701,3,2,3,4,3,1,unacc
702,3,2,3,4,3,2,acc
703,3,2,3,4,3,3,acc
704,3,2,3,6,1,1,unacc
705,3,2,3,6,1,2,unacc
706,3,2,3,6,1,3,acc
707,3,2,3,6,2,1,unacc
708,3,2,3,6,2,2,acc
709,3,2,3,6,2,3,acc
710,3,2,3,6,3,1,unacc
711,3,2,3,6,3,2,acc
712,3,2,3,6,3,3,acc
713,3,2,4,2,1,1,unacc
714,3,2,4,2,1,2,unacc
715,3,2,4,2,1,3,unacc
716,3,2,4,2,2,1,unacc
717,3,2,4,2,2,2,unacc
718,3,2,4,2,2,3,unacc
719,3,2,4,2,3,1,unacc
720,3,2,4,2,3,2,unacc
721,3,2,4,2,3,3,unacc
722,3,2,4,4,1,1,unacc
723,3,2,4,4,1,2,unacc
724,3,2,4,4,1,3,acc
725,3,2,4,4,2,1,unacc
726,3,2,4,4,2,2,acc
727,3,2,4,4,2,3,acc
728,3,2,4,4,3,1,unacc
729,3,2,4,4,3,2,acc
730,3,2,4,4,3,3,acc
731,3,2,4,6,1,1,unacc
732,3,2,4,6,1,2,unacc
733,3,2,4,6,1,3,acc
734,3,2,4,6,2,1,unacc
735,3,2,4,6,2,2,acc
736,3,2,4,6,2,3,acc
737,3,2,4,6,3,1,unacc
738,3,2,4,6,3,2,acc
739,3,2,4,6,3,3,acc
740,3,2,5,2,1,1,unacc
741,3,2,5,2,1,2,unacc
742,3,2,5,2,1,3,unacc
743,3,2,5,2,2,1,unacc
744,3,2,5,2,2,2,unacc
745,3,2,5,2,2,3,unacc
746,3,2,5,2,3,1,unacc
747,3,2,5,2,3,2,unacc
748,3,2,5,2,3,3,unacc
749,3,2,5,4,1,1,unacc
750,3,2,5,4,1,2,unacc
751,3,2,5,4,1,3,acc
752,3,2,5,4,2,1,unacc
753,3,2,5,4,2,2,acc
754,3,2,5,4,2,3,acc
755,3,2,5,4,3,1,unacc
756,3,2,5,4,3,2,acc
757,3,2,5,4,3,3,acc
758,3,2,5,6,1,1,unacc
759,3,2,5,6,1,2,unacc
760,3,2,5,6,1,3,acc
761,3,2,5,6,2,1,unacc
762,3,2,5,6,2,2,acc
763,3,2,5,6,2,3,acc
764,3,2,5,6,3,1,unacc
765,3,2,5,6,3,2,acc
766,3,2,5,6,3,3,acc
767,3,1,2,2,1,1,unacc
768,3,1,2,2,1,2,unacc
769,3,1,2,2,1,3,unacc
770,3,1,2,2,2,1,unacc
771,3,1,2,2,2,2,unacc
772,3,1,2,2,2,3,unacc
773,3,1,2,2,3,1,unacc
774,3,1,2,2,3,2,unacc
775,3,1,2,2,3,3,unacc
776,3,1,2,4,1,1,unacc
777,3,1,2,4,1,2,unacc
778,3,1,2,4,1,3,acc
779,3,1,2,4,2,1,unacc
780,3,1,2,4,2,2,unacc
781,3,1,2,4,2,3,acc
782,3,1,2,4,3,1,unacc
783,3,1,2,4,3,2,acc
784,3,1,2,4,3,3,acc
785,3,1,2,6,1,1,unacc
786,3,1,2,6,1,2,unacc
787,3,1,2,6,1,3,unacc
788,3,1,2,6,2,1,unacc
789,3,1,2,6,2,2,unacc
790,3,1,2,6,2,3,acc
791,3,1,2,6,3,1,unacc
792,3,1,2,6,3,2,acc
793,3,1,2,6,3,3,acc
794,3,1,3,2,1,1,unacc
795,3,1,3,2,1,2,unacc
796,3,1,3,2,1,3,unacc
797,3,1,3,2,2,1,unacc
798,3,1,3,2,2,2,unacc
799,3,1,3,2,2,3,unacc
800,3,1,3,2,3,1,unacc
801,3,1,3,2,3,2,unacc
802,3,1,3,2,3,3,unacc
803,3,1,3,4,1,1,unacc
804,3,1,3,4,1,2,unacc
805,3,1,3,4,1,3,acc
806,3,1,3,4,2,1,unacc
807,3,1,3,4,2,2,unacc
808,3,1,3,4,2,3,acc
809,3,1,3,4,3,1,unacc
810,3,1,3,4,3,2,acc
811,3,1,3,4,3,3,acc
812,3,1,3,6,1,1,unacc
813,3,1,3,6,1,2,unacc
814,3,1,3,6,1,3,acc
815,3,1,3,6,2,1,unacc
816,3,1,3,6,2,2,acc
817,3,1,3,6,2,3,acc
818,3,1,3,6,3,1,unacc
819,3,1,3,6,3,2,acc
820,3,1,3,6,3,3,acc
821,3,1,4,2,1,1,unacc
822,3,1,4,2,1,2,unacc
823,3,1,4,2,1,3,unacc
824,3,1,4,2,2,1,unacc
825,3,1,4,2,2,2,unacc
826,3,1,4,2,2,3,unacc
827,3,1,4,2,3,1,unacc
828,3,1,4,2,3,2,unacc
829,3,1,4,2,3,3,unacc
830,3,1,4,4,1,1,unacc
831,3,1,4,4,1,2,unacc
832,3,1,4,4,1,3,acc
833,3,1,4,4,2,1,unacc
834,3,1,4,4,2,2,acc
835,3,1,4,4,2,3,acc
836,3,1,4,4,3,1,unacc
837,3,1,4,4,3,2,acc
838,3,1,4,4,3,3,acc
839,3,1,4,6,1,1,unacc
840,3,1,4,6,1,2,unacc
841,3,1,4,6,1,3,acc
842,3,1,4,6,2,1,unacc
843,3,1,4,6,2,2,acc
844,3,1,4,6,2,3,acc
845,3,1,4,6,3,1,unacc
846,3,1,4,6,3,2,acc
847,3,1,4,6,3,3,acc
848,3,1,5,2,1,1,unacc
849,3,1,5,2,1,2,unacc
850,3,1,5,2,1,3,unacc
851,3,1,5,2,2,1,unacc
852,3,1,5,2,2,2,unacc
853,3,1,5,2,2,3,unacc
854,3,1,5,2,3,1,unacc
855,3,1,5,2,3,2,unacc
856,3,1,5,2,3,3,unacc
857,3,1,5,4,1,1,unacc
858,3,1,5,4,1,2,unacc
859,3,1,5,4,1,3,acc
860,3,1,5,4,2,1,unacc
861,3,1,5,4,2,2,acc
862,3,1,5,4,2,3,acc
863,3,1,5,4,3,1,unacc
864,3,1,5,4,3,2,acc
865,3,1,5,4,3,3,acc
866,3,1,5,6,1,1,unacc
867,3,1,5,6,1,2,unacc
868,3,1,5,6,1,3,acc
869,3,1,5,6,2,1,unacc
870,3,1,5,6,2,2,acc
871,3,1,5,6,2,3,acc
872,3,1,5,6,3,1,unacc
873,3,1,5,6,3,2,acc
874,3,1,5,6,3,3,acc
875,2,4,2,2,1,1,unacc
876,2,4,2,2,1,2,unacc
877,2,4,2,2,1,3,unacc
878,2,4,2,2,2,1,unacc
879,2,4,2,2,2,2,unacc
880,2,4,2,2,2,3,unacc
881,2,4,2,2,3,1,unacc
882,2,4,2,2,3,2,unacc
883,2,4,2,2,3,3,unacc
884,2,4,2,4,1,1,unacc
885,2,4,2,4,1,2,unacc
886,2,4,2,4,1,3,acc
887,2,4,2,4,2,1,unacc
888,2,4,2,4,2,2,unacc
889,2,4,2,4,2,3,acc
890,2,4,2,4,3,1,unacc
891,2,4,2,4,3,2,acc
892,2,4,2,4,3,3,acc
893,2,4,2,6,1,1,unacc
894,2,4,2,6,1,2,unacc
895,2,4,2,6,1,3,unacc
896,2,4,2,6,2,1,unacc
897,2,4,2,6,2,2,unacc
898,2,4,2,6,2,3,acc
899,2,4,2,6,3,1,unacc
900,2,4,2,6,3,2,acc
901,2,4,2,6,3,3,acc
902,2,4,3,2,1,1,unacc
903,2,4,3,2,1,2,unacc
904,2,4,3,2,1,3,unacc
905,2,4,3,2,2,1,unacc
906,2,4,3,2,2,2,unacc
907,2,4,3,2,2,3,unacc
908,2,4,3,2,3,1,unacc
909,2,4,3,2,3,2,unacc
910,2,4,3,2,3,3,unacc
911,2,4,3,4,1,1,unacc
912,2,4,3,4,1,2,unacc
913,2,4,3,4,1,3,acc
914,2,4,3,4,2,1,unacc
915,2,4,3,4,2,2,unacc
916,2,4,3,4,2,3,acc
917,2,4,3,4,3,1,unacc
918,2,4,3,4,3,2,acc
919,2,4,3,4,3,3,acc
920,2,4,3,6,1,1,unacc
921,2,4,3,6,1,2,unacc
922,2,4,3,6,1,3,acc
923,2,4,3,6,2,1,unacc
924,2,4,3,6,2,2,acc
925,2,4,3,6,2,3,acc
926,2,4,3,6,3,1,unacc
927,2,4,3,6,3,2,acc
928,2,4,3,6,3,3,acc
929,2,4,4,2,1,1,unacc
930,2,4,4,2,1,2,unacc
931,2,4,4,2,1,3,unacc
932,2,4,4,2,2,1,unacc
933,2,4,4,2,2,2,unacc
934,2,4,4,2,2,3,unacc
935,2,4,4,2,3,1,unacc
936,2,4,4,2,3,2,unacc
937,2,4,4,2,3,3,unacc
938,2,4,4,4,1,1,unacc
939,2,4,4,4,1,2,unacc
940,2,4,4,4,1,3,acc
941,2,4,4,4,2,1,unacc
942,2,4,4,4,2,2,acc
943,2,4,4,4,2,3,acc
944,2,4,4,4,3,1,unacc
945,2,4,4,4,3,2,acc
946,2,4,4,4,3,3,acc
947,2,4,4,6,1,1,unacc
948,2,4,4,6,1,2,unacc
949,2,4,4,6,1,3,acc
950,2,4,4,6,2,1,unacc
951,2,4,4,6,2,2,acc
952,2,4,4,6,2,3,acc
953,2,4,4,6,3,1,unacc
954,2,4,4,6,3,2,acc
955,2,4,4,6,3,3,acc
956,2,4,5,2,1,1,unacc
957,2,4,5,2,1,2,unacc
958,2,4,5,2,1,3,unacc
959,2,4,5,2,2,1,unacc
960,2,4,5,2,2,2,unacc
961,2,4,5,2,2,3,unacc
962,2,4,5,2,3,1,unacc
963,2,4,5,2,3,2,unacc
964,2,4,5,2,3,3,unacc
965,2,4,5,4,1,1,unacc
966,2,4,5,4,1,2,unacc
967,2,4,5,4,1,3,acc
968,2,4,5,4,2,1,unacc
969,2,4,5,4,2,2,acc
970,2,4,5,4,2,3,acc
971,2,4,5,4,3,1,unacc
972,2,4,5,4,3,2,acc
973,2,4,5,4,3,3,acc
974,2,4,5,6,1,1,unacc
975,2,4,5,6,1,2,unacc
976,2,4,5,6,1,3,acc
977,2,4,5,6,2,1,unacc
978,2,4,5,6,2,2,acc
979,2,4,5,6,2,3,acc
980,2,4,5,6,3,1,unacc
981,2,4,5,6,3,2,acc
982,2,4,5,6,3,3,acc
983,2,3,2,2,1,1,unacc
984,2,3,2,2,1,2,unacc
985,2,3,2,2,1,3,unacc
986,2,3,2,2,2,1,unacc
987,2,3,2,2,2,2,unacc
988,2,3,2,2,2,3,unacc
989,2,3,2,2,3,1,unacc
990,2,3,2,2,3,2,unacc
991,2,3,2,2,3,3,unacc
992,2,3,2,4,1,1,unacc
993,2,3,2,4,1,2,unacc
994,2,3,2,4,1,3,acc
995,2,3,2,4,2,1,unacc
996,2,3,2,4,2,2,unacc
997,2,3,2,4,2,3,acc
998,2,3,2,4,3,1,unacc
999,2,3,2,4,3,2,acc
1000,2,3,2,4,3,3,acc
1001,2,3,2,6,1,1,unacc
1002,2,3,2,6,1,2,unacc
1003,2,3,2,6,1,3,unacc
1004,2,3,2,6,2,1,unacc
1005,2,3,2,6,2,2,unacc
1006,2,3,2,6,2,3,acc
1007,2,3,2,6,3,1,unacc
1008,2,3,2,6,3,2,acc
1009,2,3,2,6,3,3,acc
1010,2,3,3,2,1,1,unacc
1011,2,3,3,2,1,2,unacc
1012,2,3,3,2,1,3,unacc
1013,2,3,3,2,2,1,unacc
1014,2,3,3,2,2,2,unacc
1015,2,3,3,2,2,3,unacc
1016,2,3,3,2,3,1,unacc
1017,2,3,3,2,3,2,unacc
1018,2,3,3,2,3,3,unacc
1019,2,3,3,4,1,1,unacc
1020,2,3,3,4,1,2,unacc
1021,2,3,3,4,1,3,acc
1022,2,3,3,4,2,1,unacc
1023,2,3,3,4,2,2,unacc
1024,2,3,3,4,2,3,acc
1025,2,3,3,4,3,1,unacc
1026,2,3,3,4,3,2,acc
1027,2,3,3,4,3,3,acc
1028,2,3,3,6,1,1,unacc
1029,2,3,3,6,1,2,unacc
1030,2,3,3,6,1,3,acc
1031,2,3,3,6,2,1,unacc
1032,2,3,3,6,2,2,acc
1033,2,3,3,6,2,3,acc
1034,2,3,3,6,3,1,unacc
1035,2,3,3,6,3,2,acc
1036,2,3,3,6,3,3,acc
1037,2,3,4,2,1,1,unacc
1038,2,3,4,2,1,2,unacc
1039,2,3,4,2,1,3,unacc
1040,2,3,4,2,2,1,unacc
1041,2,3,4,2,2,2,unacc
1042,2,3,4,2,2,3,unacc
1043,2,3,4,2,3,1,unacc
1044,2,3,4,2,3,2,unacc
1045,2,3,4,2,3,3,unacc
1046,2,3,4,4,1,1,unacc
1047,2,3,4,4,1,2,unacc
1048,2,3,4,4,1,3,acc
1049,2,3,4,4,2,1,unacc
1050,2,3,4,4,2,2,acc
1051,2,3,4,4,2,3,acc
1052,2,3,4,4,3,1,unacc
1053,2,3,4,4,3,2,acc
1054,2,3,4,4,3,3,acc
1055,2,3,4,6,1,1,unacc
1056,2,3,4,6,1,2,unacc
1057,2,3,4,6,1,3,acc
1058,2,3,4,6,2,1,unacc
1059,2,3,4,6,2,2,acc
1060,2,3,4,6,2,3,acc
1061,2,3,4,6,3,1,unacc
1062,2,3,4,6,3,2,acc
1063,2,3,4,6,3,3,acc
1064,2,3,5,2,1,1,unacc
1065,2,3,5,2,1,2,unacc
1066,2,3,5,2,1,3,unacc
1067,2,3,5,2,2,1,unacc
1068,2,3,5,2,2,2,unacc
1069,2,3,5,2,2,3,unacc
1070,2,3,5,2,3,1,unacc
1071,2,3,5,2,3,2,unacc
1072,2,3,5,2,3,3,unacc
1073,2,3,5,4,1,1,unacc
1074,2,3,5,4,1,2,unacc
1075,2,3,5,4,1,3,acc
1076,2,3,5,4,2,1,unacc
1077,2,3,5,4,2,2,acc
1078,2,3,5,4,2,3,acc
1079,2,3,5,4,3,1,unacc
1080,2,3,5,4,3,2,acc
1081,2,3,5,4,3,3,acc
1082,2,3,5,6,1,1,unacc
1083,2,3,5,6,1,2,unacc
1084,2,3,5,6,1,3,acc
1085,2,3,5,6,2,1,unacc
1086,2,3,5,6,2,2,acc
1087,2,3,5,6,2,3,acc
1088,2,3,5,6,3,1,unacc
1089,2,3,5,6,3,2,acc
1090,2,3,5,6,3,3,acc
1091,2,2,2,2,1,1,unacc
1092,2,2,2,2,1,2,unacc
1093,2,2,2,2,1,3,unacc
1094,2,2,2,2,2,1,unacc
1095,2,2,2,2,2,2,unacc
1096,2,2,2,2,2,3,unacc
1097,2,2,2,2,3,1,unacc
1098,2,2,2,2,3,2,unacc
1099,2,2,2,2,3,3,unacc
1100,2,2,2,4,1,1,unacc
1101,2,2,2,4,1,2,acc
1102,2,2,2,4,1,3,acc
1103,2,2,2,4,2,1,unacc
1104,2,2,2,4,2,2,acc
1105,2,2,2,4,2,3,acc
1106,2,2,2,4,3,1,unacc
1107,2,2,2,4,3,2,acc
1108,2,2,2,4,3,3,vgood
1109,2,2,2,6,1,1,unacc
1110,2,2,2,6,1,2,unacc
1111,2,2,2,6,1,3,unacc
1112,2,2,2,6,2,1,unacc
1113,2,2,2,6,2,2,acc
1114,2,2,2,6,2,3,acc
1115,2,2,2,6,3,1,unacc
1116,2,2,2,6,3,2,acc
1117,2,2,2,6,3,3,vgood
1118,2,2,3,2,1,1,unacc
1119,2,2,3,2,1,2,unacc
1120,2,2,3,2,1,3,unacc
1121,2,2,3,2,2,1,unacc
1122,2,2,3,2,2,2,unacc
1123,2,2,3,2,2,3,unacc
1124,2,2,3,2,3,1,unacc
1125,2,2,3,2,3,2,unacc
1126,2,2,3,2,3,3,unacc
1127,2,2,3,4,1,1,unacc
1128,2,2,3,4,1,2,acc
1129,2,2,3,4,1,3,acc
1130,2,2,3,4,2,1,unacc
1131,2,2,3,4,2,2,acc
1132,2,2,3,4,2,3,acc
1133,2,2,3,4,3,1,unacc
1134,2,2,3,4,3,2,acc
1135,2,2,3,4,3,3,vgood
1136,2,2,3,6,1,1,unacc
1137,2,2,3,6,1,2,acc
1138,2,2,3,6,1,3,acc
1139,2,2,3,6,2,1,unacc
1140,2,2,3,6,2,2,acc
1141,2,2,3,6,2,3,vgood
1142,2,2,3,6,3,1,unacc
1143,2,2,3,6,3,2,acc
1144,2,2,3,6,3,3,vgood
1145,2,2,4,2,1,1,unacc
1146,2,2,4,2,1,2,unacc
1147,2,2,4,2,1,3,unacc
1148,2,2,4,2,2,1,unacc
1149,2,2,4,2,2,2,unacc
1150,2,2,4,2,2,3,unacc
1151,2,2,4,2,3,1,unacc
1152,2,2,4,2,3,2,unacc
1153,2,2,4,2,3,3,unacc
1154,2,2,4,4,1,1,unacc
1155,2,2,4,4,1,2,acc
1156,2,2,4,4,1,3,acc
1157,2,2,4,4,2,1,unacc
1158,2,2,4,4,2,2,acc
1159,2,2,4,4,2,3,vgood
1160,2,2,4,4,3,1,unacc
1161,2,2,4,4,3,2,acc
1162,2,2,4,4,3,3,vgood
1163,2,2,4,6,1,1,unacc
1164,2,2,4,6,1,2,acc
1165,2,2,4,6,1,3,acc
1166,2,2,4,6,2,1,unacc
1167,2,2,4,6,2,2,acc
1168,2,2,4,6,2,3,vgood
1169,2,2,4,6,3,1,unacc
1170,2,2,4,6,3,2,acc
1171,2,2,4,6,3,3,vgood
1172,2,2,5,2,1,1,unacc
1173,2,2,5,2,1,2,unacc
1174,2,2,5,2,1,3,unacc
1175,2,2,5,2,2,1,unacc
1176,2,2,5,2,2,2,unacc
1177,2,2,5,2,2,3,unacc
1178,2,2,5,2,3,1,unacc
1179,2,2,5,2,3,2,unacc
1180,2,2,5,2,3,3,unacc
1181,2,2,5,4,1,1,unacc
1182,2,2,5,4,1,2,acc
1183,2,2,5,4,1,3,acc
1184,2,2,5,4,2,1,unacc
1185,2,2,5,4,2,2,acc
1186,2,2,5,4,2,3,vgood
1187,2,2,5,4,3,1,unacc
1188,2,2,5,4,3,2,acc
1189,2,2,5,4,3,3,vgood
1190,2,2,5,6,1,1,unacc
1191,2,2,5,6,1,2,acc
1192,2,2,5,6,1,3,acc
1193,2,2,5,6,2,1,unacc
1194,2,2,5,6,2,2,acc
1195,2,2,5,6,2,3,vgood
1196,2,2,5,6,3,1,unacc
1197,2,2,5,6,3,2,acc
1198,2,2,5,6,3,3,vgood
1199,2,1,2,2,1,1,unacc
1200,2,1,2,2,1,2,unacc
1201,2,1,2,2,1,3,unacc
1202,2,1,2,2,2,1,unacc
1203,2,1,2,2,2,2,unacc
1204,2,1,2,2,2,3,unacc
1205,2,1,2,2,3,1,unacc
1206,2,1,2,2,3,2,unacc
1207,2,1,2,2,3,3,unacc
1208,2,1,2,4,1,1,unacc
1209,2,1,2,4,1,2,acc
1210,2,1,2,4,1,3,good
1211,2,1,2,4,1,3,good
1212,2,1,2,4,2,1,unacc
1213,2,1,2,4,2,2,acc
1214,2,1,2,4,2,3,good
1215,2,1,2,4,2,3,good
1216,2,1,2,4,3,1,unacc
1217,2,1,2,4,3,2,good
1218,2,1,2,4,3,2,good
1219,2,1,2,4,3,3,vgood
1220,2,1,2,6,1,1,unacc
1221,2,1,2,6,1,2,unacc
1222,2,1,2,6,1,3,unacc
1223,2,1,2,6,2,1,unacc
1224,2,1,2,6,2,2,acc
1225,2,1,2,6,2,3,good
1226,2,1,2,6,2,3,good
1227,2,1,2,6,3,1,unacc
1228,2,1,2,6,3,2,good
1229,2,1,2,6,3,2,good
1230,2,1,2,6,3,3,vgood
1231,2,1,3,2,1,1,unacc
1232,2,1,3,2,1,2,unacc
1233,2,1,3,2,1,3,unacc
1234,2,1,3,2,2,1,unacc
1235,2,1,3,2,2,2,unacc
1236,2,1,3,2,2,3,unacc
1237,2,1,3,2,3,1,unacc
1238,2,1,3,2,3,2,unacc
1239,2,1,3,2,3,3,unacc
1240,2,1,3,4,1,1,unacc
1241,2,1,3,4,1,2,acc
1242,2,1,3,4,1,3,good
1243,2,1,3,4,1,3,good
1244,2,1,3,4,2,1,unacc
1245,2,1,3,4,2,2,acc
1246,2,1,3,4,2,3,good
1247,2,1,3,4,3,1,unacc
1248,2,1,3,4,3,2,good
1249,2,1,3,4,3,3,vgood
1250,2,1,3,6,1,1,unacc
1251,2,1,3,6,1,2,acc
1252,2,1,3,6,1,3,good
1253,2,1,3,6,2,1,unacc
1254,2,1,3,6,2,2,good
1255,2,1,3,6,2,3,vgood
1256,2,1,3,6,3,1,unacc
1257,2,1,3,6,3,2,good
1258,2,1,3,6,3,3,vgood
1259,2,1,4,2,1,1,unacc
1260,2,1,4,2,1,2,unacc
1261,2,1,4,2,1,3,unacc
1262,2,1,4,2,2,1,unacc
1263,2,1,4,2,2,2,unacc
1264,2,1,4,2,2,3,unacc
1265,2,1,4,2,3,1,unacc
1266,2,1,4,2,3,2,unacc
1267,2,1,4,2,3,3,unacc
1268,2,1,4,4,1,1,unacc
1269,2,1,4,4,1,2,acc
1270,2,1,4,4,1,3,good
1271,2,1,4,4,2,1,unacc
1272,2,1,4,4,2,2,good
1273,2,1,4,4,2,3,vgood
1274,2,1,4,4,3,1,unacc
1275,2,1,4,4,3,2,good
1276,2,1,4,4,3,3,vgood
1277,2,1,4,6,1,1,unacc
1278,2,1,4,6,1,2,acc
1279,2,1,4,6,1,3,good
1280,2,1,4,6,2,1,unacc
1281,2,1,4,6,2,2,good
1282,2,1,4,6,2,3,vgood
1283,2,1,4,6,3,1,unacc
1284,2,1,4,6,3,2,good
1285,2,1,4,6,3,3,vgood
1286,2,1,5,2,1,1,unacc
1287,2,1,5,2,1,2,unacc
1288,2,1,5,2,1,3,unacc
1289,2,1,5,2,2,1,unacc
1290,2,1,5,2,2,2,unacc
1291,2,1,5,2,2,3,unacc
1292,2,1,5,2,3,1,unacc
1293,2,1,5,2,3,2,unacc
1294,2,1,5,2,3,3,unacc
1295,2,1,5,4,1,1,unacc
1296,2,1,5,4,1,2,acc
1297,2,1,5,4,1,3,good
1298,2,1,5,4,2,1,unacc
1299,2,1,5,4,2,2,good
1300,2,1,5,4,2,3,vgood
1301,2,1,5,4,3,1,unacc
1302,2,1,5,4,3,2,good
1303,2,1,5,4,3,3,vgood
1304,2,1,5,6,1,1,unacc
1305,2,1,5,6,1,2,acc
1306,2,1,5,6,1,3,good
1307,2,1,5,6,2,1,unacc
1308,2,1,5,6,2,2,good
1309,2,1,5,6,2,3,vgood
1310,2,1,5,6,3,1,unacc
1311,2,1,5,6,3,2,good
1312,2,1,5,6,3,3,vgood
1313,1,4,2,2,1,1,unacc
1314,1,4,2,2,1,2,unacc
1315,1,4,2,2,1,3,unacc
1316,1,4,2,2,2,1,unacc
1317,1,4,2,2,2,2,unacc
1318,1,4,2,2,2,3,unacc
1319,1,4,2,2,3,1,unacc
1320,1,4,2,2,3,2,unacc
1321,1,4,2,2,3,3,unacc
1322,1,4,2,4,1,1,unacc
1323,1,4,2,4,1,2,unacc
1324,1,4,2,4,1,3,acc
1325,1,4,2,4,2,1,unacc
1326,1,4,2,4,2,2,unacc
1327,1,4,2,4,2,3,acc
1328,1,4,2,4,3,1,unacc
1329,1,4,2,4,3,2,acc
1330,1,4,2,4,3,3,acc
1331,1,4,2,6,1,1,unacc
1332,1,4,2,6,1,2,unacc
1333,1,4,2,6,1,3,unacc
1334,1,4,2,6,2,1,unacc
1335,1,4,2,6,2,2,unacc
1336,1,4,2,6,2,3,acc
1337,1,4,2,6,3,1,unacc
1338,1,4,2,6,3,2,acc
1339,1,4,2,6,3,3,acc
1340,1,4,3,2,1,1,unacc
1341,1,4,3,2,1,2,unacc
1342,1,4,3,2,1,3,unacc
1343,1,4,3,2,2,1,unacc
1344,1,4,3,2,2,2,unacc
1345,1,4,3,2,2,3,unacc
1346,1,4,3,2,3,1,unacc
1347,1,4,3,2,3,2,unacc
1348,1,4,3,2,3,3,unacc
1349,1,4,3,4,1,1,unacc
1350,1,4,3,4,1,2,unacc
1351,1,4,3,4,1,3,acc
1352,1,4,3,4,2,1,unacc
1353,1,4,3,4,2,2,unacc
1354,1,4,3,4,2,3,acc
1355,1,4,3,4,3,1,unacc
1356,1,4,3,4,3,2,acc
1357,1,4,3,4,3,3,acc
1358,1,4,3,6,1,1,unacc
1359,1,4,3,6,1,2,unacc
1360,1,4,3,6,1,3,acc
1361,1,4,3,6,2,1,unacc
1362,1,4,3,6,2,2,acc
1363,1,4,3,6,2,3,acc
1364,1,4,3,6,3,1,unacc
1365,1,4,3,6,3,2,acc
1366,1,4,3,6,3,3,acc
1367,1,4,4,2,1,1,unacc
1368,1,4,4,2,1,2,unacc
1369,1,4,4,2,1,3,unacc
1370,1,4,4,2,2,1,unacc
1371,1,4,4,2,2,2,unacc
1372,1,4,4,2,2,3,unacc
1373,1,4,4,2,3,1,unacc
1374,1,4,4,2,3,2,unacc
1375,1,4,4,2,3,3,unacc
1376,1,4,4,4,1,1,unacc
1377,1,4,4,4,1,2,unacc
1378,1,4,4,4,1,3,acc
1379,1,4,4,4,2,1,unacc
1380,1,4,4,4,2,2,acc
1381,1,4,4,4,2,3,acc
1382,1,4,4,4,3,1,unacc
1383,1,4,4,4,3,2,acc
1384,1,4,4,4,3,3,acc
1385,1,4,4,6,1,1,unacc
1386,1,4,4,6,1,2,unacc
1387,1,4,4,6,1,3,acc
1388,1,4,4,6,2,1,unacc
1389,1,4,4,6,2,2,acc
1390,1,4,4,6,2,3,acc
1391,1,4,4,6,3,1,unacc
1392,1,4,4,6,3,2,acc
1393,1,4,4,6,3,3,acc
1394,1,4,5,2,1,1,unacc
1395,1,4,5,2,1,2,unacc
1396,1,4,5,2,1,3,unacc
1397,1,4,5,2,2,1,unacc
1398,1,4,5,2,2,2,unacc
1399,1,4,5,2,2,3,unacc
1400,1,4,5,2,3,1,unacc
1401,1,4,5,2,3,2,unacc
1402,1,4,5,2,3,3,unacc
1403,1,4,5,4,1,1,unacc
1404,1,4,5,4,1,2,unacc
1405,1,4,5,4,1,3,acc
1406,1,4,5,4,2,1,unacc
1407,1,4,5,4,2,2,acc
1408,1,4,5,4,2,3,acc
1409,1,4,5,4,3,1,unacc
1410,1,4,5,4,3,2,acc
1411,1,4,5,4,3,3,acc
1412,1,4,5,6,1,1,unacc
1413,1,4,5,6,1,2,unacc
1414,1,4,5,6,1,3,acc
1415,1,4,5,6,2,1,unacc
1416,1,4,5,6,2,2,acc
1417,1,4,5,6,2,3,acc
1418,1,4,5,6,3,1,unacc
1419,1,4,5,6,3,2,acc
1420,1,4,5,6,3,3,acc
1421,1,3,2,2,1,1,unacc
1422,1,3,2,2,1,2,unacc
1423,1,3,2,2,1,3,unacc
1424,1,3,2,2,2,1,unacc
1425,1,3,2,2,2,2,unacc
1426,1,3,2,2,2,3,unacc
1427,1,3,2,2,3,1,unacc
1428,1,3,2,2,3,2,unacc
1429,1,3,2,2,3,3,unacc
1430,1,3,2,4,1,1,unacc
1431,1,3,2,4,1,2,acc
1432,1,3,2,4,1,3,acc
1433,1,3,2,4,2,1,unacc
1434,1,3,2,4,2,2,acc
1435,1,3,2,4,2,3,acc
1436,1,3,2,4,3,1,unacc
1437,1,3,2,4,3,2,acc
1438,1,3,2,4,3,3,vgood
1439,1,3,2,6,1,1,unacc
1440,1,3,2,6,1,2,unacc
1441,1,3,2,6,1,3,unacc
1442,1,3,2,6,2,1,unacc
1443,1,3,2,6,2,2,acc
1444,1,3,2,6,2,3,acc
1445,1,3,2,6,3,1,unacc
1446,1,3,2,6,3,2,acc
1447,1,3,2,6,3,3,vgood
1448,1,3,3,2,1,1,unacc
1449,1,3,3,2,1,2,unacc
1450,1,3,3,2,1,3,unacc
1451,1,3,3,2,2,1,unacc
1452,1,3,3,2,2,2,unacc
1453,1,3,3,2,2,3,unacc
1454,1,3,3,2,3,1,unacc
1455,1,3,3,2,3,2,unacc
1456,1,3,3,2,3,3,unacc
1457,1,3,3,4,1,1,unacc
1458,1,3,3,4,1,2,acc
1459,1,3,3,4,1,3,acc
1460,1,3,3,4,2,1,unacc
1461,1,3,3,4,2,2,acc
1462,1,3,3,4,2,3,acc
1463,1,3,3,4,3,1,unacc
1464,1,3,3,4,3,2,acc
1465,1,3,3,4,3,3,vgood
1466,1,3,3,6,1,1,unacc
1467,1,3,3,6,1,2,acc
1468,1,3,3,6,1,3,acc
1469,1,3,3,6,2,1,unacc
1470,1,3,3,6,2,2,acc
1471,1,3,3,6,2,3,vgood
1472,1,3,3,6,3,1,unacc
1473,1,3,3,6,3,2,acc
1474,1,3,3,6,3,3,vgood
1475,1,3,4,2,1,1,unacc
1476,1,3,4,2,1,2,unacc
1477,1,3,4,2,1,3,unacc
1478,1,3,4,2,2,1,unacc
1479,1,3,4,2,2,2,unacc
1480,1,3,4,2,2,3,unacc
1481,1,3,4,2,3,1,unacc
1482,1,3,4,2,3,2,unacc
1483,1,3,4,2,3,3,unacc
1484,1,3,4,4,1,1,unacc
1485,1,3,4,4,1,2,acc
1486,1,3,4,4,1,3,acc
1487,1,3,4,4,2,1,unacc
1488,1,3,4,4,2,2,acc
1489,1,3,4,4,2,3,vgood
1490,1,3,4,4,3,1,unacc
1491,1,3,4,4,3,2,acc
1492,1,3,4,4,3,3,vgood
1493,1,3,4,6,1,1,unacc
1494,1,3,4,6,1,2,acc
1495,1,3,4,6,1,3,acc
1496,1,3,4,6,2,1,unacc
1497,1,3,4,6,2,2,acc
1498,1,3,4,6,2,3,vgood
1499,1,3,4,6,3,1,unacc
1500,1,3,4,6,3,2,acc
1501,1,3,4,6,3,3,vgood
1502,1,3,5,2,1,1,unacc
1503,1,3,5,2,1,2,unacc
1504,1,3,5,2,1,3,unacc
1505,1,3,5,2,2,1,unacc
1506,1,3,5,2,2,2,unacc
1507,1,3,5,2,2,3,unacc
1508,1,3,5,2,3,1,unacc
1509,1,3,5,2,3,2,unacc
1510,1,3,5,2,3,3,unacc
1511,1,3,5,4,1,1,unacc
1512,1,3,5,4,1,2,acc
1513,1,3,5,4,1,3,acc
1514,1,3,5,4,2,1,unacc
1515,1,3,5,4,2,2,acc
1516,1,3,5,4,2,3,vgood
1517,1,3,5,4,3,1,unacc
1518,1,3,5,4,3,2,acc
1519,1,3,5,4,3,3,vgood
1520,1,3,5,6,1,1,unacc
1521,1,3,5,6,1,2,acc
1522,1,3,5,6,1,3,acc
1523,1,3,5,6,2,1,unacc
1524,1,3,5,6,2,2,acc
1525,1,3,5,6,2,3,vgood
1526,1,3,5,6,3,1,unacc
1527,1,3,5,6,3,2,acc
1528,1,3,5,6,3,3,vgood
1529,1,2,2,2,1,1,unacc
1530,1,2,2,2,1,2,unacc
1531,1,2,2,2,1,3,unacc
1532,1,2,2,2,2,1,unacc
1533,1,2,2,2,2,2,unacc
1534,1,2,2,2,2,3,unacc
1535,1,2,2,2,3,1,unacc
1536,1,2,2,2,3,2,unacc
1537,1,2,2,2,3,3,unacc
1538,1,2,2,4,1,1,unacc
1539,1,2,2,4,1,2,acc
1540,1,2,2,4,1,3,good
1541,1,2,2,4,2,1,unacc
1542,1,2,2,4,2,2,acc
1543,1,2,2,4,2,3,good
1544,1,2,2,4,3,1,unacc
1545,1,2,2,4,3,2,good
1546,1,2,2,4,3,3,vgood
1547,1,2,2,6,1,1,unacc
1548,1,2,2,6,1,2,unacc
1549,1,2,2,6,1,3,unacc
1550,1,2,2,6,2,1,unacc
1551,1,2,2,6,2,2,acc
1552,1,2,2,6,2,3,good
1553,1,2,2,6,3,1,unacc
1554,1,2,2,6,3,2,good
1555,1,2,2,6,3,3,vgood
1556,1,2,3,2,1,1,unacc
1557,1,2,3,2,1,2,unacc
1558,1,2,3,2,1,3,unacc
1559,1,2,3,2,2,1,unacc
1560,1,2,3,2,2,2,unacc
1561,1,2,3,2,2,3,unacc
1562,1,2,3,2,3,1,unacc
1563,1,2,3,2,3,2,unacc
1564,1,2,3,2,3,3,unacc
1565,1,2,3,4,1,1,unacc
1566,1,2,3,4,1,2,acc
1567,1,2,3,4,1,3,good
1568,1,2,3,4,2,1,unacc
1569,1,2,3,4,2,2,acc
1570,1,2,3,4,2,3,good
1571,1,2,3,4,3,1,unacc
1572,1,2,3,4,3,2,good
1573,1,2,3,4,3,3,vgood
1574,1,2,3,6,1,1,unacc
1575,1,2,3,6,1,2,acc
1576,1,2,3,6,1,3,good
1577,1,2,3,6,2,1,unacc
1578,1,2,3,6,2,2,good
1579,1,2,3,6,2,3,vgood
1580,1,2,3,6,3,1,unacc
1581,1,2,3,6,3,2,good
1582,1,2,3,6,3,3,vgood
1583,1,2,4,2,1,1,unacc
1584,1,2,4,2,1,2,unacc
1585,1,2,4,2,1,3,unacc
1586,1,2,4,2,2,1,unacc
1587,1,2,4,2,2,2,unacc
1588,1,2,4,2,2,3,unacc
1589,1,2,4,2,3,1,unacc
1590,1,2,4,2,3,2,unacc
1591,1,2,4,2,3,3,unacc
1592,1,2,4,4,1,1,unacc
1593,1,2,4,4,1,2,acc
1594,1,2,4,4,1,3,good
1595,1,2,4,4,2,1,unacc
1596,1,2,4,4,2,2,good
1597,1,2,4,4,2,3,vgood
1598,1,2,4,4,3,1,unacc
1599,1,2,4,4,3,2,good
1600,1,2,4,4,3,3,vgood
1601,1,2,4,6,1,1,unacc
1602,1,2,4,6,1,2,acc
1603,1,2,4,6,1,3,good
1604,1,2,4,6,2,1,unacc
1605,1,2,4,6,2,2,good
1606,1,2,4,6,2,3,vgood
1607,1,2,4,6,3,1,unacc
1608,1,2,4,6,3,2,good
1609,1,2,4,6,3,3,vgood
1610,1,2,5,2,1,1,unacc
1611,1,2,5,2,1,2,unacc
1612,1,2,5,2,1,3,unacc
1613,1,2,5,2,2,1,unacc
1614,1,2,5,2,2,2,unacc
1615,1,2,5,2,2,3,unacc
1616,1,2,5,2,3,1,unacc
1617,1,2,5,2,3,2,unacc
1618,1,2,5,2,3,3,unacc
1619,1,2,5,4,1,1,unacc
1620,1,2,5,4,1,2,acc
1621,1,2,5,4,1,3,good
1622,1,2,5,4,2,1,unacc
1623,1,2,5,4,2,2,good
1624,1,2,5,4,2,3,vgood
1625,1,2,5,4,3,1,unacc
1626,1,2,5,4,3,2,good
1627,1,2,5,4,3,3,vgood
1628,1,2,5,6,1,1,unacc
1629,1,2,5,6,1,2,acc
1630,1,2,5,6,1,3,good
1631,1,2,5,6,2,1,unacc
1632,1,2,5,6,2,2,good
1633,1,2,5,6,2,3,vgood
1634,1,2,5,6,3,1,unacc
1635,1,2,5,6,3,2,good
1636,1,2,5,6,3,3,vgood
1637,1,1,2,2,1,1,unacc
1638,1,1,2,2,1,2,unacc
1639,1,1,2,2,1,3,unacc
1640,1,1,2,2,2,1,unacc
1641,1,1,2,2,2,2,unacc
1642,1,1,2,2,2,3,unacc
1643,1,1,2,2,3,1,unacc
1644,1,1,2,2,3,2,unacc
1645,1,1,2,2,3,3,unacc
1646,1,1,2,4,1,1,unacc
1647,1,1,2,4,1,2,acc
1648,1,1,2,4,1,3,good
1649,1,1,2,4,2,1,unacc
1650,1,1,2,4,2,2,acc
1651,1,1,2,4,2,3,good
1652,1,1,2,4,3,1,unacc
1653,1,1,2,4,3,2,good
1654,1,1,2,4,3,3,vgood
1655,1,1,2,6,1,1,unacc
1656,1,1,2,6,1,2,unacc
1657,1,1,2,6,1,3,unacc
1658,1,1,2,6,2,1,unacc
1659,1,1,2,6,2,2,acc
1660,1,1,2,6,2,3,good
1661,1,1,2,6,3,1,unacc
1662,1,1,2,6,3,2,good
1663,1,1,2,6,3,3,vgood
1664,1,1,3,2,1,1,unacc
1665,1,1,3,2,1,2,unacc
1666,1,1,3,2,1,3,unacc
1667,1,1,3,2,2,1,unacc
1668,1,1,3,2,2,2,unacc
1669,1,1,3,2,2,3,unacc
1670,1,1,3,2,3,1,unacc
1671,1,1,3,2,3,2,unacc
1672,1,1,3,2,3,3,unacc
1673,1,1,3,4,1,1,unacc
1674,1,1,3,4,1,2,acc
1675,1,1,3,4,1,3,good
1676,1,1,3,4,2,1,unacc
1677,1,1,3,4,2,2,acc
1678,1,1,3,4,2,3,good
1679,1,1,3,4,3,1,unacc
1680,1,1,3,4,3,2,good
1681,1,1,3,4,3,3,vgood
1682,1,1,3,6,1,1,unacc
1683,1,1,3,6,1,2,acc
1684,1,1,3,6,1,3,good
1685,1,1,3,6,2,1,unacc
1686,1,1,3,6,2,2,good
1687,1,1,3,6,2,3,vgood
1688,1,1,3,6,3,1,unacc
1689,1,1,3,6,3,2,good
1690,1,1,3,6,3,3,vgood
1691,1,1,4,2,1,1,unacc
1692,1,1,4,2,1,2,unacc
1693,1,1,4,2,1,3,unacc
1694,1,1,4,2,2,1,unacc
1695,1,1,4,2,2,2,unacc
1696,1,1,4,2,2,3,unacc
1697,1,1,4,2,3,1,unacc
1698,1,1,4,2,3,2,unacc
1699,1,1,4,2,3,3,unacc
1700,1,1,4,4,1,1,unacc
1701,1,1,4,4,1,2,acc
1702,1,1,4,4,1,3,good
1703,1,1,4,4,2,1,unacc
1704,1,1,4,4,2,2,good
1705,1,1,4,4,2,3,vgood
1706,1,1,4,4,3,1,unacc
1707,1,1,4,4,3,2,good
1708,1,1,4,4,3,3,vgood
1709,1,1,4,6,1,1,unacc
1710,1,1,4,6,1,2,acc
1711,1,1,4,6,1,3,good
1712,1,1,4,6,2,1,unacc
1713,1,1,4,6,2,2,good
1714,1,1,4,6,2,3,vgood
1715,1,1,4,6,3,1,unacc
1716,1,1,4,6,3,2,good
1717,1,1,4,6,3,3,vgood
1718,1,1,4,6,3,3,vgood
1719,1,1,5,2,1,1,unacc
1720,1,1,5,2,1,2,unacc
1721,1,1,5,2,1,3,unacc
1722,1,1,5,2,2,1,unacc
1723,1,1,5,2,2,2,unacc
1724,1,1,5,2,2,3,unacc
1725,1,1,5,2,3,1,unacc
1726,1,1,5,2,3,2,unacc
1727,1,1,5,2,3,3,unacc
1728,1,1,5,4,1,1,unacc
1729,1,1,5,4,1,2,acc
1730,1,1,5,4,1,3,good
1731,1,1,5,4,2,1,unacc
1732,1,1,5,4,2,2,good
1733,1,1,5,4,2,3,vgood
1734,1,1,5,4,3,1,unacc
1735,1,1,5,4,3,2,good
1736,1,1,5,4,3,3,vgood
1737,1,1,5,4,3,3,vgood
1738,1,1,5,4,3,3,vgood
1739,1,1,5,6,1,1,unacc
1740,1,1,5,6,1,2,acc
1741,1,1,5,6,1,3,good
1742,1,1,5,6,2,1,unacc
1743,1,1,5,6,2,2,good
1744,1,1,5,6,2,3,vgood
1745,1,1,5,6,2,3,vgood
1746,1,1,5,6,2,3,vgood
1747,1,1,5,6,3,1,unacc
1748,1,1,5,6,3,2,good
1749,1,1,5,6,3,3,vgood
